<?xml version="1.0" encoding="utf-8"?>
<odoo>
     <!-- Account Tags -->

     <record id="tag_cl_01" model="account.account.tag">
        <field name="name">Impuestos Directos a Pagar</field>
        <field name="applicability">taxes</field>
    </record>

    <record id="tag_cl_02" model="account.account.tag">
        <field name="name">Impuesto a la Renta Primera Categoría a Pagar</field>
        <field name="applicability">taxes</field>
    </record>

    <record id="tag_cl_03" model="account.account.tag">
        <field name="name">Impuesto General a las Ventas (IVA) Total a Pagar</field>
        <field name="applicability">taxes</field>
    </record>

    <record id="tag_cl_04" model="account.account.tag">
        <field name="name">Impuesto Pagado</field>
        <field name="applicability">taxes</field>
    </record>

    <record id="tag_cl_05" model="account.account.tag">
        <field name="name">Impuesto Pagado IVA</field>
        <field name="applicability">taxes</field>
    </record>

    <record id="tag_cl_06" model="account.account.tag">
        <field name="name">Impuesto Pagado de Exonerados al IVA</field>
        <field name="applicability">taxes</field>
    </record>

    <record id="tag_cl_07" model="account.account.tag">
        <field name="name">Impuesto Pagado Fuera de Ámbito</field>
        <field name="applicability">taxes</field>
    </record>

    <record id="tag_cl_08" model="account.account.tag">
        <field name="name">Impuesto Cobrado</field>
        <field name="applicability">taxes</field>
    </record>

    <record id="tag_cl_09" model="account.account.tag">
        <field name="name">Impuesto Cobrado IVA</field>
        <field name="applicability">taxes</field>
    </record>

    <record id="tag_cl_10" model="account.account.tag">
        <field name="name">Impuesto Cobrado de Exonerados al IVA</field>
        <field name="applicability">taxes</field>
    </record>

    <record id="tag_cl_11" model="account.account.tag">
        <field name="name">Impuesto Cobrado Fuera de Ámbito</field>
        <field name="applicability">taxes</field>
    </record>

   <record id="tag_cl_12" model="account.account.tag">
        <field name="name">Base Imponible</field>
        <field name="applicability">taxes</field>
    </record>

    <record id="tag_cl_13" model="account.account.tag">
        <field name="name">Base Imponible - Ventas</field>
        <field name="applicability">taxes</field>
    </record>

    <record id="tag_cl_14" model="account.account.tag">
        <field name="name">Ventas Gravadas con IVA</field>
        <field name="applicability">taxes</field>
    </record>

    <record id="tag_cl_15" model="account.account.tag">
        <field name="name">Ventas NO Gravadas (Exoneradas)</field>
        <field name="applicability">taxes</field>
    </record>

    <record id="tag_cl_16" model="account.account.tag">
        <field name="name">Ventas Gravadas Fuera de Ámbito</field>
        <field name="applicability">taxes</field>
    </record>

    <record id="tag_cl_17" model="account.account.tag">
        <field name="name">Base Imponible - Compras</field>
        <field name="applicability">taxes</field>
    </record>

    <record id="tag_cl_18" model="account.account.tag">
        <field name="name">Compras Gravadas con IVA</field>
        <field name="applicability">taxes</field>
    </record>

    <record id="tag_cl_19" model="account.account.tag">
        <field name="name">Compras NO Gravadas (Exoneradas)</field>
        <field name="applicability">taxes</field>
    </record>

    <record id="tag_cl_20" model="account.account.tag">
        <field name="name">Compras Gravadas Fuera de Ámbito</field>
        <field name="applicability">taxes</field>
    </record>

    <record id="tag_cl_21" model="account.account.tag">
        <field name="name">Compras Retención a la Renta 2da Categoría a Pagar</field>
        <field name="applicability">taxes</field>
    </record>

    <record id="tag_cl_22" model="account.account.tag">
        <field name="name">Impuesto Retenido 2da Categoría</field>
        <field name="applicability">taxes</field>
    </record>

	
    <record id="IVAV_19" model="account.tax.template">
      <field name="chart_template_id" ref="cl_chart_template_v12"/>
      <field name="name">IVA 19% Venta</field>
      <field name="description">IVA 19% Venta</field>
      <field name="amount">19</field>
      <field name="amount_type">percent</field>
      <field name="type_tax_use">sale</field>
      <field name="refund_account_id" ref="21070100"/>
      <field name="account_id" ref="21070100"/>
      <field name="tag_ids" eval="[(6,0,[ref('tag_cl_09'), ref('tag_cl_14')])]"/>
      <field name="tax_group_id" ref="tax_group_iva_19"/>
    </record>

    <record id="IVAC_19" model="account.tax.template">
      <field name="chart_template_id" ref="cl_chart_template_v12"/>
      <field name="name">IVA 19% Compra</field>
      <field name="description">IVA 19% Compra</field>
      <field name="amount">19</field>
      <field name="amount_type">percent</field>
      <field name="type_tax_use">purchase</field>
      <field name="refund_account_id" ref="11070100"/>
      <field name="account_id" ref="11070100"/>
      <field name="tag_ids" eval="[(6,0,[ref('tag_cl_05'), ref('tag_cl_18')])]"/>
      <field name="tax_group_id" ref="tax_group_iva_19"/>
    </record>

    <record id="IVAC_0" model="account.tax.template">
      <field name="chart_template_id" ref="cl_chart_template_v12"/>
      <field name="name">IVA Exento Compra</field>
      <field name="description">IVA Exento Compra</field>
      <field name="amount">0</field>
      <field name="sii_code">0</field>
       <field name="sequence" eval="3"/>
      <field name="amount_type">percent</field>
      <field name="type_tax_use">purchase</field>
      <field name="tag_ids" eval="[(6,0,[ref('tag_cl_05'), ref('tag_cl_18')])]"/>
    </record>

    <record id="IVAV_0" model="account.tax.template">
      <field name="chart_template_id" ref="cl_chart_template_v12"/>
      <field name="name">IVA Exento Venta</field>
      <field name="description">IVA Exento Venta</field>
      <field name="amount">0</field>
      <field name="sii_code">0</field>
      <field name="amount_type">percent</field>
      <field name="type_tax_use">sale</field>
      <field name="sequence" eval="2"/>
      <field name="tag_ids" eval="[(6,0,[ref('tag_cl_09'), ref('tag_cl_14')])]"/>
    </record>

    <record id="IVAC_AF_19" model="account.tax.template">
      <field name="chart_template_id" ref="cl_chart_template_v12"/>
      <field name="name">IVA 19% Activo Fijo</field>
      <field name="description">IVA 19% Activo Fijo</field>
      <field name="amount">19</field>
      <field name="amount_type">percent</field>
      <field name="type_tax_use">purchase</field>
      <field name="refund_account_id" ref="11070400"/>
      <field name="account_id" ref="11070400"/>
      <field name="tag_ids" eval="[(6,0,[ref('tag_cl_05'), ref('tag_cl_18')])]"/>
      <field name="tax_group_id" ref="tax_group_iva_19"/>
    </record>
	
	
    <record id="I_IU2C" model="account.tax.template">
      <field name="chart_template_id" ref="cl_chart_template_v12"/>
      <field name="name">Impuesto Único de Segunda Categoría</field>
      <field name="description">Impuesto Único de 2da Categoría</field>
      <field name="amount">0</field>
      <field name="sequence" eval="2"/>
      <field name="amount_type">percent</field>
      <field name="type_tax_use">purchase</field>
      <field name="refund_account_id" ref="21070400"/>
      <field name="account_id" ref="21070400"/>
      <field name="tag_ids" eval="[(6,0,[ref('tag_cl_22'), ref('tag_cl_21')])]"/>
      <!--<field name="sii_type">R</field>
      <field name="retencion">10.000</field> -->
    </record>

	
</odoo>
