<?xml version="1.0" ?>
<odoo>
    <data>
        <record model="ir.cron" id="ir_cron_currency_update_every_day">
            <field name="name">Currency Rate Update</field>
            <field name="interval_number">1</field>
            <field name="interval_type">days</field><!-- it s every day -->
            <field name="numbercall">-1</field>
            <field name="state">code</field>
            <field name="doall" eval="False"/>
            <field name="model_id" ref="currency_rate_update.model_currency_rate_update_service"/>
            <field name="code">model._run_currency_update()</field>
        </record>

    </data>
</odoo>
